"#","Schedule Due","Kode SL","Snfg","Nama Fg","Jumlah Pcs","Qty Release","Qty Not Hit","Type","Remark","Level 1","Level 2","Level 3","Actions"
"1","2022-06-27","nz1 ","ES-PSM-MO10G/BSH0002","MAKE OVER Eye Shadow Palette Smokey 10 g (Pc(s))","368","362","6","NI","Bulk habis di close","Loss MPQ","Bulk habis","Hilang karena proses",""
"2","2022-06-27","oa1 ","ES-PNU-MO10G/BSH0007","MAKE OVER Eye Shadow Palette Nudes 10 g (Pc(s))","953","905","48","NI","Bulk habis di close","Loss MPQ","Bulk habis","Hilang karena proses",""
"3","2022-06-27","vr38 ","B-BSLP-EM/H0185","Emina Bright Stuff Loose Powder 55 g","1980","1958","22","NI","Barang FG riject shrink
","Quality","Finished Good Defect / Pending / Rework / Reject","Kualitas Packaging Bermasalah",""
"4","2022-06-27","eq1 ","MY-RTCRE05-W/H0002","Malaysia Wardah Exclusive Two Way Cake 05 Coffee Beige 12 g","750","660","90","NI","Bulk habis di close","Loss MPQ","Bulk habis","Hilang karena proses",""
"5","2022-06-27","da1 ","M-RHDGN2-W/H0005","Wardah Hydra Rose Dewy Aqua Day Gel 17 ml","8030","7344","686","NI","BULK HABIS","Loss MPQ","Bulk habis","Hilang karena proses",""
"6","2022-06-27","vs1 ","FW-MCF-W100ML/H0005","Wardah Nature Daily Mineral+ Clarifying Facial Foam 100 ml","9500","9480","20","NI","BULK HABIS","Loss MPQ","Bulk habis","Hilang karena proses",""
"7","2022-06-27","tw1 ","FA-PFMS-MO50ML/H0028","MAKE OVER Powerstay Fix &amp; Matte Makeup Setting Spray 50 ml","1845","1836","9","NI","BULK HABIS","Loss MPQ","Bulk habis","Hilang karena proses",""
"8","2022-06-27","vr32 ","B-BSLP-EM/H0179","Emina Bright Stuff Loose Powder 55 g","5220","5214","6","NI","Barang FG riject shrink","Quality","Finished Good Defect / Pending / Rework / Reject","Reject Mesin",""
"9","2022-06-27","LP1 ","FM-MGT-EM60ML/H0002","Emina Green Tea Latte Face Mask 60 ml (Pc(s))","8930","8820","110","NI","BULK HABIS","Loss MPQ","Bulk habis","Hilang karena proses",""
"10","2022-06-27","yx1 ","M-LDCN1-W/H0022","Wardah Lightening Day Cream Advanced Niacinamide 20 mL","43940","43668","272","NI","BULK HABIS","Loss MPQ","Bulk habis","Hilang karena proses",""
"11","2022-06-27","ay2 ","HT-P1SRL-P450/H0005","Hair Tonic SPA Relaxing Lavender, 450 ml","228","216","12","NI","BULK HABIS","Loss MPQ","Bulk habis","Hilang karena proses",""
"12","2022-06-27","mg1 ","L-HSLWF-MO/H0013","Make Over Hydrastay Smooth Lip Whip C06 Lively 6.5 g","360","339","21","NI","Bulk habis","Loss MPQ","Bulk habis","Hilang karena proses",""
"13","2022-06-27","ab1 ","S-P1A2-P200/H0006","Putri Pure Clean Shampoo Apple 200 ML (Pc(s))","4778","4728","50","NI","BULK HABIS","Loss MPQ","Bulk habis","Hilang karena proses",""
"14","2022-06-27","vr39 ","B-BSLP-EM/H0186","Emina Bright Stuff Loose Powder 55 g","3240","3225","15","NI","barang FG riject","Quality","Finished Good Defect / Pending / Rework / Reject","Kualitas Packaging Bermasalah",""
"15","2022-06-27","tj1 ","FT-RWSABHA-W/H0017","Wardah Crystal Secret Exfoliating Toner with Natural AHA+PHA 125 ml","7610","7540","70","NI","BULK HABIS","Loss MPQ","Bulk habis","Hilang karena proses",""
"16","2022-06-27","aaz1 ","L-CUMKORB-W/H0022","Wardah Colorfit Ultralight Matte Lipstick 10 Stunning Seoul 3.6 g","4752","4683","69","NI","Bulk habis","Loss MPQ","Bulk habis","Hilang karena proses",""
"17","2022-06-27","v951  ","EL-EDCPBL-EM0.2GR/H0004","Emina Eye Do! Crayon Pour Les Yeux Black 0.2 gr (Pc(s))","5067","5053","14","NI","(not set)","(not set)","(not set)","(not set)",""
"18","2022-06-27","tw2 ","FA-PFMS-MO50ML/H0029","MAKE OVER Powerstay Fix &amp; Matte Makeup Setting Spray 50 ml","1845","1674","171","NI","BULK HABIS","Loss MPQ","Bulk habis","Hilang karena proses",""
"19","2022-06-27","vo1 ","TC-RRE03-W/H0023","Wardah Refill Exclusive Two Way Cake 03 Sandy Beige 12 g","7425","7353","72","NI","Dii close karena bulk habis","Loss MPQ","Bulk habis","Hilang karena proses",""
"20","2022-06-27","bk1 ","S-P1SRL-P450/H0007","Putri SPA Relaxing Shampoo (Lavender) 450 ML (Pc(s))","108","96","12","NI","BULK HABIS","Loss MPQ","Bulk habis","Hilang karena proses",""
"21","2022-06-27","aaz2 ","L-CUMKORB-W/H0023","Wardah Colorfit Ultralight Matte Lipstick 10 Stunning Seoul 3.6 g","4752","4514","238","NI","Bulk habis","Loss MPQ","Bulk habis","Hilang karena proses",""
"22","2022-06-27","(not set)","F-IPSF15-W/H0001","Instaperfect SKINFOCUS Cover Foundation 43 Creme Sand 30 ml","5076","4534","542","NI","BULK HABIS","Loss MPQ","Bulk habis","Hilang karena proses",""
"23","2022-06-27","vr36 ","B-BSLP-EM/H0183","Emina Bright Stuff Loose Powder 55 g","5220","5200","20","NI","Barang Fg riject","Quality","Finished Good Defect / Pending / Rework / Reject","Reject Mesin",""
"24","2022-06-27","vr34 ","B-BSLP-EM/H0181","Emina Bright Stuff Loose Powder 55 g","2160","2135","25","NI","Barang FG riject shirnk","Quality","Finished Good Defect / Pending / Rework / Reject","Reject Mesin",""
"25","2022-06-27","dn1 ","L-LL01-W2.3G/H0011","Wardah Lipstick Longlasting 01 Fabulous Peach 2.3 g (Pc(s))","1752","1680","72","NI","Bulk habis","Loss MPQ","Bulk habis","Hilang karena proses",""
"26","2022-06-27","aeo1 ","L-EMC04DP-W/H0001","Wardah Exclusive Matte Lip Cream 04 Pink Me 4g","9792","9756","36","NI","Bulk habis","Loss MPQ","Bulk habis","Hilang karena proses",""
"27","2022-06-27","BI6 ","FW-PCSAC-KA/H0069","Kahf Oil and Acne Care Face Wash 100 ml","9508","8756","752","NI","BULK HABIS","Loss MPQ","Bulk habis","Hilang karena proses",""
"28","2022-06-27","si1 ","HC-NS-W170ML/H0012","Wardah Nutri Shine Conditioner 170 ml (Pc(s))","5418","1440","3978","NI","REJECT SEAL BOCOR","Machine","Select Kendala","Reject Mesin",""
"29","2022-06-27","vr33 ","B-BSLP-EM/H0180","Emina Bright Stuff Loose Powder 55 g","2160","2153","7","NI","barang rijevt shrink
","Quality","Finished Good Defect / Pending / Rework / Reject","Kualitas Packaging Bermasalah",""
"30","2022-06-27","em4 ","MY-RTCRE02-W/H0017","Malaysia Wardah Exclusive Two Way Cake 02 Light Beige 12 g","1440","1380","60","NI","Dii close karena bulk habis","Loss MPQ","Bulk habis","Hilang karena proses",""
"31","2022-06-25","ACY1 ","SS-SBAT30-EM/BSH0005","Emina Sun Battle SPF 30 PA+++ 60 ml","1836","1728","108","NI","BULK HABIS","Loss MPQ","Bulk habis","Hilang karena proses",""
"32","2022-06-25","vr29 ","B-BSLP-EM/H0176","Emina Bright Stuff Loose Powder 55 g","5148","2942","2206","NI","Barang FG riject shrink","Quality","Finished Good Defect / Pending / Rework / Reject","Reject Mesin",""
"33","2022-06-25","wj1 ","L-REMA18-W/H0021","Wardah Exclusive Matte Lipstick 18 Rosy Pink 3.5 g","1065","1016","49","NI","Bulk habis","Loss MPQ","Bulk habis","Hilang karena proses",""
"34","2022-06-25","gh4 ","LU-P1-P720/H0018","Putri Pustreite Step 1 720 ML (Pc(s))","230","228","2","NI","BULK HABIS","Loss MPQ","Bulk habis","Hilang karena proses",""
"35","2022-06-25","vr27 ","B-BSLP-EM/H0174","Emina Bright Stuff Loose Powder 55 g","3240","3219","21","NI","Barang FG riject shirink","Quality","Finished Good Defect / Pending / Rework / Reject","Reject Mesin",""
"36","2022-06-25","gh7 ","LU-P1-P720/H0021","Putri Pustreite Step 1 720 ML (Pc(s))","230","228","2","NI","BULK HABIS","Loss MPQ","Bulk habis","Hilang karena proses",""
"37","2022-06-25","vr25 ","B-BSLP-EM/H0172","Emina Bright Stuff Loose Powder 55 g","5328","3187","2141","NI","(not set)","(not set)","(not set)","(not set)",""
"38","2022-06-25","vp5 ","TC-RRE04-W/H0025","Wardah Refill Exclusive Two Way Cake 04 Natural 12 g","7470","7272","198","NI","Di close karena bulk habis","Loss MPQ","Bulk habis","Hilang karena proses",""
"39","2022-06-25","em3 ","MY-RTCRE02-W/H0016","Malaysia Wardah Exclusive Two Way Cake 02 Light Beige 12 g","1440","1350","90","NI","(not set)","(not set)","(not set)","(not set)",""
"40","2022-06-25","fg1 ","TC-RPC02-MO12G/H0012","MAKE OVER Perfect Cover Refill TWC 02 Coral 12 g (Pc(s))","1440","1419","21","NI","DI close karena bulk habis","Loss MPQ","Bulk habis","Hilang karena proses",""
"41","2022-06-25","vr22 ","B-BSLP-EM/H0169","Emina Bright Stuff Loose Powder 55 g","6480","4284","2196","NI","Barang FG riject","Quality","Finished Good Defect / Pending / Rework / Reject","Reject Mesin",""
"42","2022-06-25","ff1 ","BP-HREDT-KA/H0013","Kahf Humbling Forest Eau de Toilette 35 ml","9948","9592","356","NH,NI","(not set)","(not set)","(not set)","(not set)",""
"43","2022-06-25","HO1 ","BO-HLT01-MO/BSH0004","MAKE OVER Hydrastay Liquid Tint Blush 01 Flair 15 ml","720","630","90","NI","BULK HABIS","Loss MPQ","Bulk habis","Hilang karena proses",""
"44","2022-06-25","AFE2 ","SRM-ASRM-W/BSH0003","Wardah Acnederm Acne Care Serum 15 ml","3072","2400","672","NI","BULK HABIS","Loss MPQ","Bulk habis","Hilang karena proses",""
"45","2022-06-25","NP2 ","M-RHOVN2-W/BSH0001","Wardah Hydra Rose Moisture Rich Night Gel 17 ml","1872","1584","288","NI","BULK HABIS","Loss MPQ","Bulk habis","Hilang karena proses",""
"46","2022-06-25","hz1 ","MASK-EEPC-W7GR/H0008","Wardah EyeXpert Perfectcurl Mascara 7 gr (Pc(s))","27072","25680","1392","NI","BULK HABIS","Loss MPQ","Bulk habis","Hilang karena proses",""
"47","2022-06-25","ha1 ","B-DMCP01-EM/H0014","Emina Daily Matte Compact Powder 01 Light 11 g","4968","4503","465","NI","Di close karena bulk habis","Loss MPQ","Bulk habis","Hilang karena proses",""
"48","2022-06-25","MO1 ","F-RELF02-W/BSH0001","Wardah Exclusive Liquid Foundation 02 Sheer Pink 20 ml","896","672","224","NI","BULK HABIS","Loss MPQ","Bulk habis","Hilang karena proses",""
"49","2022-06-25","cf1 ","DDC-CDL-W20ML/H0010","Wardah C-Defense DD Cream Light 20 ml (Pc(s))","22563","22356","207","NI","BULK HABIS","Loss MPQ","Bulk habis","Hilang karena proses",""
"50","2022-06-25","vr31 ","B-BSLP-EM/H0178","Emina Bright Stuff Loose Powder 55 g","5220","3233","1987","NI","(not set)","(not set)","(not set)","(not set)",""
"51","2022-06-25","ACA2 ","FT-FTVC-OMG/H0024","OMG Oh My Glow Peach Glowing Toner 100 ml","9648","9616","32","NI","BULK HABIS","Loss MPQ","Bulk habis","Hilang karena proses",""
"52","2022-06-25","vr23 ","B-BSLP-EM/H0170","Emina Bright Stuff Loose Powder 55 g","2039","23","2016","NI","Barang Fg riject shrink","Quality","Finished Good Defect / Pending / Rework / Reject","Reject Mesin",""
"53","2022-06-25","vr30 ","B-BSLP-EM/H0177","Emina Bright Stuff Loose Powder 55 g","1764","1751","13","NI","(not set)","(not set)","(not set)","(not set)",""
"54","2022-06-25","vr26 ","B-BSLP-EM/H0173","Emina Bright Stuff Loose Powder 55 g","3240","3224","16","NI","Barang Fg riject","Quality","Finished Good Defect / Pending / Rework / Reject","Reject Mesin",""
"55","2022-06-25","ah1 ","B-R3L03I-W/H0020","Wardah Lightening Matte Powder 03 Ivory 20 g","4648","2688","1960","NH,NI","(not set)","(not set)","(not set)","(not set)",""
"56","2022-06-25","yw1 ","L-CHC08-MO/H0010","MAKE OVER Color Hypnose Creamy Lipmatte 08 Addicted 4.3 g","528","523","5","NI","Bulk habis","Loss MPQ","Bulk habis","Hilang karena proses",""
"57","2022-06-25","vr24 ","B-BSLP-EM/H0171","Emina Bright Stuff Loose Powder 55 g","5305","5268","37","NI","(not set)","(not set)","(not set)","(not set)",""
"58","2022-06-25","ON1 ","FMI-LGT-W/BSH0004","Wardah Lightening Face Mist 60 ml","800","640","160","NI","BULK HABIS","Loss MPQ","Bulk habis","Hilang karena proses",""
"59","2022-06-25","CW1 ","F-LUC06-MO33ML/BSH0001","MAKE OVER Ultra Cover Liquid Matt Foundation 06 Beige Blast 33 ml (pc(s))","720","600","120","NI","BULK HABIS","Loss MPQ","Bulk habis","Hilang karena proses",""
"60","2022-06-25","kz2 ","FMI-CDFM-W55ML/H0010","Wardah C-Defense Face Mist 55 ml (Pc(s))","17080","16040","1040","NH,NI","(not set)","(not set)","(not set)","(not set)",""
"61","2022-06-25","CQ1 ","FW-RWSABHA-W/BSH0002","Wardah Crystal Secret Foaming Cleanser with Natural AHA+PHA 100 ml","1380","1290","90","NI","BULK HABIS","Loss MPQ","Bulk habis","Hilang karena proses",""
"62","2022-06-25","sa3 ","A-PFC-W60ML/H0029","Wardah Acnederm Pure Foaming Cleanser 60 ml (Pc(s))","15557","15480","77","NI","BULK HABIS","Loss MPQ","Bulk habis","Hilang karena proses",""
"63","2022-06-25","AFE1 ","SRM-ASRM-W/BSH0002","Wardah Acnederm Acne Care Serum 15 ml","1248","888","360","NI","BULK HABIS","Loss MPQ","Bulk habis","Hilang karena proses",""
"64","2022-06-25","vr28 ","B-BSLP-EM/H0175","Emina Bright Stuff Loose Powder 55 g","3240","3196","44","NI","(not set)","(not set)","(not set)","(not set)",""
"65","2022-06-24","gn1 ","L-EMC04-W4GR/H0004","Wardah Exclusive Matte Lip Cream 04 Pink Me 4 gr (pc(s))","10368","8640","1728","NI","Due kemas terlewat , efek domino dari jadwal sebelumnya","Leadtime","Leadtime &gt; Standard","Select Kendala",""
"66","2022-06-24","vn5 ","TC-RRE02-W/H0027","Wardah Refill Exclusive Two Way Cake 02 Light Beige 12 g","7425","7256","169","NI","(not set)","(not set)","(not set)","(not set)",""
"67","2022-06-24","JR9 ","FW-PCSRB-KA/H0074","Kahf Skin Energizing and Brightening Face Wash 100 ml","9360","8797","563","NI","BULK HABIS","Loss MPQ","Bulk habis","Hilang karena proses",""
"68","2022-06-24","vn3 ","TC-RRE02-W/H0025","Wardah Refill Exclusive Two Way Cake 02 Light Beige 12 g","7425","7348","77","NI","(not set)","(not set)","(not set)","(not set)",""
"69","2022-06-24","SA6 ","TC-RR3LLF02-W/BSH0008","Wardah Refill Lightening Powder Foundation Light Feel 02 Golden Beige 12 g","720","700","20","NI","(not set)","(not set)","(not set)","(not set)",""
"70","2022-06-24","ama2 ","LB-LMPB-EM/H0010","Emina Lip Mask 9 gr (Blister Version)","18624","","18624","NH","(not set)","(not set)","(not set)","(not set)",""
"71","2022-06-24","vn4 ","TC-RRE02-W/H0026","Wardah Refill Exclusive Two Way Cake 02 Light Beige 12 g","7425","7290","135","NI","(not set)","(not set)","(not set)","(not set)",""
"72","2022-06-24","aas1 ","L-HSLWH-MO/H0006","Make Over Hydrastay Smooth Lip Whip C08 Devoted 6.5 g","360","340","20","NI","(not set)","(not set)","(not set)","(not set)",""
"73","2022-06-24","BI5 ","FW-PCSAC-KA/H0068","Kahf Oil and Acne Care Face Wash 100 ml","9508","8997","511","NI","BULK HABIS","Loss MPQ","Bulk habis","Hilang karena proses",""
"74","2022-06-24","bi8 ","FW-PCSAC-KA/H0077","Kahf Oil and Acne Care Face Wash 100 ml","9508","8835","673","NI","BULK HABIS","Loss MPQ","Bulk habis","Hilang karena proses",""
"75","2022-06-24","vq1 ","TC-RRE05-W/H0007","Wardah Refill Exclusive Two Way Cake 05 Coffee Beige 12 g","1395","1354","41","NI","(not set)","(not set)","(not set)","(not set)",""
"76","2022-06-24","ug1 ","LB-EVLNH-W4G/H0016","Wardah Everyday Moisture Lip Nutrition Honey 4 g","4272","4026","246","NI","Bulk habis","Loss MPQ","Bulk habis","Hilang karena proses",""
"77","2022-06-24","ael1 ","L-EMC01DP-W/H0001","Wardah Exclusive Matte Lip Cream 01 Red-dicted 4g","22608","12240","10368","NH,NI","dusat kurang supply dari log , jadwal di BS","Internal – Material Supply","Select Kendala","Tidak ada standar",""
"78","2022-06-24","vp1 ","TC-RRE04-W/H0021","Wardah Refill Exclusive Two Way Cake 04 Natural 12 g","7470","7245","225","NI","(not set)","(not set)","(not set)","(not set)",""
"79","2022-06-24","sa2 ","A-PFC-W60ML/H0028","Wardah Acnederm Pure Foaming Cleanser 60 ml (Pc(s))","15557","15372","185","NI","BULK HABIS","Loss MPQ","Bulk habis","Hilang karena proses",""
"80","2022-06-24","lc2 ","FW-CD-W60ML/H0028","Wardah C-Defense Energizing Creamy Wash 60 ml (Pc(s))","15557","15516","41","NI","BULK HABIS","Loss MPQ","Bulk habis","Hilang karena proses",""
"81","2022-06-24","axz1 ","F-IPSF12-W/H0001","Instaperfect SKINFOCUS Cover Foundation 22 Light Ivory 30 ml","5974","5634","340","NH,NI","BULK HABIS","Loss MPQ","Bulk habis","Hilang karena proses",""
"82","2022-06-24","vp3 ","TC-RRE04-W/H0023","Wardah Refill Exclusive Two Way Cake 04 Natural 12 g","7470","7099","371","NI","(not set)","(not set)","(not set)","(not set)",""
"83","2022-06-24","AI3 ","B-R3L04N-W/BSH0004","Wardah Lightening Matte Powder 04 Natural 20 g","700","681","19","NI","(not set)","(not set)","(not set)","(not set)",""
"84","2022-06-24","up1 ","B-RBMLP02-EM/H0008","Emina Bare With Me Mineral Loose Powder 02 Light Beige 8 g","2088","2064","24","NI","(not set)","(not set)","(not set)","(not set)",""
"85","2022-06-24","AI2 ","B-R3L04N-W/BSH0003","Wardah Lightening Matte Powder 04 Natural 20 g","336","324","12","NI","(not set)","(not set)","(not set)","(not set)",""
"86","2022-06-24","ACA1 ","FT-FTVC-OMG/H0023","OMG Oh My Glow Peach Glowing Toner 100 ml","9648","9604","44","NI","Bulk habis","Loss MPQ","Bulk habis","Hilang karena proses",""
"87","2022-06-24","ca2 ","BBC-EN-W15ML/H0007","Wardah Everyday BB Cream Natural 15 ml (Pc(s))","57408","56832","576","NI","BULK HABIS","Loss MPQ","Bulk habis","Hilang karena proses",""
"88","2022-06-24","BT1 ","L-SLWCA-W/BSH0001","Wardah Colorfit Last All Day Lip Paint 12 Berry Lasting 4.2 g","1008","975","33","NI","Bulk habis","Loss MPQ","Bulk habis","Hilang karena proses",""
"89","2022-06-24","fi1 ","TC-RPC01-MO12G/H0008","MAKE OVER Perfect Cover Refill TWC 01 Lace 12 g (Pc(s))","1440","1433","7","NI","(not set)","(not set)","(not set)","(not set)",""
"90","2022-06-24","BI4 ","FW-PCSAC-KA/H0067","Kahf Oil and Acne Care Face Wash 100 ml","9508","9026","482","NI","BULK HABIS","Loss MPQ","Bulk habis","Hilang karena proses",""
"91","2022-06-24","ug2 ","LB-EVLNH-W4G/H0017","Wardah Everyday Moisture Lip Nutrition Honey 4 g","4272","","4272","NH,NI","Due kemas lewat , karena kendala di olah","Leadtime","Leadtime &gt; Standard","Delay Pengiriman",""
"92","2022-06-24","CE3 ","MY-RAPBB-W/BSH0008","Malaysia Wardah Acnederm Pore Blackhead Balm 20 g","144","96","48","NI","Bulk habis","Loss MPQ","Bulk habis","Hilang karena proses",""
"93","2022-06-24","ud1 ","TC-IPMFPF14-W13G/H0008","Wardah Instaperfect MATTE FIT Powder Foundation 14. CRÉME13 g","581","566","15","NI","(not set)","(not set)","(not set)","(not set)",""
"94","2022-06-24","rc1 ","REM-SBMW-W240ML/H0032","Wardah Nature Daily Seaweed Cleansing Micellar Water 240 ml","4010","3996","14","NI","BULK HABIS","Loss MPQ","Bulk habis","Hilang karena proses",""
"95","2022-06-24","em2 ","MY-RTCRE02-W/H0015","Malaysia Wardah Exclusive Two Way Cake 02 Light Beige 12 g","1440","1410","30","NI","(not set)","(not set)","(not set)","(not set)",""
"96","2022-06-24","acg1 ","F-CLCMB-W/H0002","Wardah Colorfit Matte Foundation 22N Light Ivory 25 ml","6392","3968","2424","NI","BULK HABIS","Loss MPQ","Bulk habis","Hilang karena proses",""
"97","2022-06-24","afa1 ","CUS-CLPGCC-W/H0008","Wardah Colorfit Perfect Glow Cushion 23W Warm Ivory 15 g","6392","6096","296","NI","BULK HABIS","Loss MPQ","Bulk habis","Hilang karena proses",""
"98","2022-06-24","ACG1 ","F-CLCMB-W/H0003","Wardah Colorfit Matte Foundation 22N Light Ivory 25 ml","3994","3968","26","NI","BULK HABIS","Loss MPQ","Bulk habis","Hilang karena proses",""
"99","2022-06-24","GM1 ","L-EMC03-W4GR/BSH0003","Wardah Exclusive Matte Lip Cream 03 See You Latte 4 gr (pc(s))","1008","912","96","NI","(not set)","(not set)","(not set)","(not set)",""
"100","2022-06-24","lj1 ","L-EMC09-W4GR/H0011","Wardah Exclusive Matte Lip Cream 09 Mauve On 4 gr (Pc(S))","10368","9874","494","NI","Bulk habis","Loss MPQ","Bulk habis","Hilang karena proses",""
"101","2022-06-24","vp2 ","TC-RRE04-W/H0022","Wardah Refill Exclusive Two Way Cake 04 Natural 12 g","7470","7447","23","NI","(not set)","(not set)","(not set)","(not set)",""
"102","2022-06-24","vf1 ","LB-STSPB-EM/H0020","Emina Oh So Kissable Tinted Balm Stick Pink Bonbons 3.4 g","2064","1344","720","NI","di BS , karena bulk terkontaminasi","Quality","Bulk Pending / Rework / Reject","Kontaminasi",""
"103","2022-06-24","tr1 ","LB-EVLNGT-W4G/H0014","Wardah Everyday Moisture Lip Nutrition Green Tea 4 g","4272","4196","76","NI","Bulk habis","Loss MPQ","Bulk habis","Hilang karena proses",""
"104","2022-06-24","pa1 ","REM-SBRMWN2-EM/H0003","Emina Skin Buddy Micellar Water 50 ml","11468","10944","524","NI","BULK HABIS","Loss MPQ","Bulk habis","Hilang karena proses",""
"105","2022-06-24","wy1 ","B-PBTUBB-W/H0041","Wardah Perfect Bright BB Powder 50 g","5850","5822","28","NI","Bulk habis di close","Loss MPQ","Bulk habis","Hilang karena proses",""
"106","2022-06-24","bi1 ","FW-PCSAC-KA/H0070","Kahf Oil and Acne Care Face Wash 100 ml","9508","8744","764","NI","BULK HABIS","Loss MPQ","Bulk habis","Hilang karena proses",""
"107","2022-06-24","pn2 ","L-CUMKORD-W/H0011","Wardah Colorfit Ultralight Matte Lipstick 12 Autumn Nami 3.6 g","4752","4690","62","NI","Bulk habis","Loss MPQ","Bulk habis","Hilang karena proses",""
"108","2022-06-24","vw1 ","BP-SBSBM-W100ML/H0007","Wardah Scentsation Bliss Body Mist 100 ml (Pc(s))","9753","9700","53","NI","BULK HABIS","Loss MPQ","Bulk habis","Hilang karena proses",""
"109","2022-06-24","tx1 ","HT-P1G1-P2/H0023","Hair Tonic Normal to Oily Hair (Green), 2 L","515","513","2","NI","Bulk habis","Loss MPQ","Bulk habis","Hilang karena proses",""
"110","2022-06-24","aas2 ","L-HSLWH-MO/H0007","Make Over Hydrastay Smooth Lip Whip C08 Devoted 6.5 g","360","","360","NI","Due kemas sudah lewat , bulk telat release","Leadtime","Leadtime &gt; Standard","Delay Pengiriman",""
"111","2022-06-23","abe1 ","MY-RAPRT-W/H0005","Malaysia Wardah Acnederm Pore Refining Toner 100 ml","7900","7460","440","NI","BULK HABIS","Loss MPQ","Bulk habis","Hilang karena proses",""
"112","2022-06-23","bi7 ","FW-PCSAC-KA/H0076","Kahf Oil and Acne Care Face Wash 100 ml","9508","9000","508","NI","BULK HABIS","Loss MPQ","Bulk habis","Hilang karena proses",""
"113","2022-06-23","aay1 ","L-HSLWD-MO/H0006","Make Over Hydrastay Smooth Lip Whip C04 Real 6.5 g","360","354","6","NI","Bulk habis","Loss MPQ","Bulk habis","Hilang karena proses",""
"114","2022-06-23","zu1 ","BO-CLBSPE-EM/H0009","Emina Cheek Lit Blush Stick Peach 7 g","624","","624","NH,NI","(not set)","(not set)","(not set)","(not set)",""
"115","2022-06-23","vm2 ","TC-RRE01-W/H0012","Wardah Refill Exclusive Two Way Cake 01 Sheer Pink 12 g","7515","7285","230","NI","(not set)","(not set)","(not set)","(not set)",""
"116","2022-06-23","ady1 ","MY-RFMICD-W/H0010","Malaysia Wardah C-defense Face Mist 55 ml","17578","16880","698","NI","BULK HABIS","Loss MPQ","Bulk habis","Hilang karena proses",""
"117","2022-06-23","ACL1 ","MY-RAPFC-W/H0005","Malaysia Wardah Acnederm Pure Foaming Cleanser 60 ml","15557","15480","77","NI","BULK HABIS","Loss MPQ","Bulk habis","Hilang karena proses",""
"118","2022-06-23","bi5 ","FW-PCSAC-KA/H0074","Kahf Oil and Acne Care Face Wash 100 ml","9508","8430","1078","NI","BULK HABIS","Loss MPQ","Bulk habis","Hilang karena proses",""
"119","2022-06-23","zq1 ","FW-LWFN2-W/H0054","Wardah Lightening Whip Facial Foam 100 ml","9248","9240","8","NI","(not set)","(not set)","(not set)","(not set)",""
"120","2022-06-23","vm1 ","TC-RRE01-W/H0011","Wardah Refill Exclusive Two Way Cake 01 Sheer Pink 12 g","7515","7242","273","NI","(not set)","(not set)","(not set)","(not set)",""
"121","2022-06-23","pn1 ","L-CUMKORD-W/H0010","Wardah Colorfit Ultralight Matte Lipstick 12 Autumn Nami 3.6 g","4752","4368","384","NI","Bulk habis","Loss MPQ","Bulk habis","Select Kendala",""
"122","2022-06-23","qj1 ","M-AHC-W40ML/H0011","Wardah Nature Daily Aloe Hydramild Moisturizer Cream 40 ml","23460","22950","510","NI","BULK HABIS","Loss MPQ","Bulk habis","Hilang karena proses",""
"123","2022-06-23","vn2 ","TC-RRE02-W/H0024","Wardah Refill Exclusive Two Way Cake 02 Light Beige 12 g","7425","7103","322","NI","(not set)","(not set)","(not set)","(not set)",""
"124","2022-06-23","abd1 ","L-CUMKORC-W/H0013","Wardah Colorfit Ultralight Matte Lipstick 11 Sunkissed Jeju 3.6 g","4752","4444","308","NI","Bulk habis","Loss MPQ","Bulk habis","Hilang karena proses",""
"125","2022-06-23","oa1 ","M-RHOVN1-W/H0005","Wardah Hydra Rose Moisture Rich Night Gel 40 g","2484","2424","60","NI","BULK HABIS","Loss MPQ","Bulk habis","Hilang karena proses",""
"126","2022-06-23","wa1 ","L-REMO32-W/H0005","Wardah Exclusive Moist Lipstick 32 Sheer Brown 3.5 g","2280","2265","15","NI","Bulk habis","Loss MPQ","Bulk habis","Hilang karena proses",""
"127","2022-06-23","le1 ","M-BSTUC-EM/H0017","Emina Bright Stuff Tone Up Cream 20 ml","26835","20700","6135","NI","MENGHABISKAN STOK DUSAT R4","External – Material Supply","Raw Material Supply","Beda Data Stock",""
"128","2022-06-23","adl1 ","M-AN1-EM/H0005","Emina Natura Pal Gel Moisturizer 20 ml","8627","8496","131","NI","BULK HABIS","Loss MPQ","Bulk habis","Hilang karena proses",""
"129","2022-06-23","ade1 ","F-EVLLF02-W/H0008","Wardah Everyday Luminous Liquid Foundation – 02 Light Beige 35 ml","24588","24444","144","NI","BULK HABIS","Loss MPQ","Bulk habis","Hilang karena proses",""
"130","2022-06-23","aet1 ","EC-RWSB-W/H0002","Wardah Crystal Secret Eyes Dark Circle Corrector 10 ml","9504","9216","288","NI","BULK HABIS","Loss MPQ","Bulk habis","Hilang karena proses",""
"131","2022-06-23","uo1 ","B-RBMLP01-EM/H0006","Emina Bare With Me Mineral Loose Powder 01 Fair 8 g","2088","2040","48","NI","(not set)","(not set)","(not set)","(not set)",""
"132","2022-06-23","rb1 ","REM-SBMW-W100ML/H0021","Wardah Nature Daily Seaweed Cleansing Micellar Water 100 ml","9520","9464","56","NI","BULK HABIS","Loss MPQ","Bulk habis","Hilang karena proses",""
"133","2022-06-23","aeu1 ","MY-LSMULMC-EM/H0004","Malaysia Emina Squeeze Me Up Lip Matte 03. City Cycling 6.5 g","1968","576","1392","NI","efek domini dari jadwal sebelumnya dan optimasi mesin sealing","Machine","Select Kendala","Select Kendala",""
"134","2022-06-23","JR5 ","FW-PCSRB-KA/H0070","Kahf Skin Energizing and Brightening Face Wash 100 ml","9360","8995","365","NI","bulk habis","Loss MPQ","Bulk habis","Hilang karena proses",""
"135","2022-06-23","mm1 ","SS-UVSDSPB-W/H0090","Wardah UV Shield Essential Sunscreen Gel SPF 30 (New Blister)","67254","66752","502","NI","BULK HABIS","Loss MPQ","Bulk habis","Hilang karena proses",""
"136","2022-06-23","go1 ","L-EMC05-W4GR/H0013","Wardah Exclusive Matte Lip Cream 05 Speachless 4 gr (pc(s))","18432","14688","3744","NI","Efek domino dari jadwal sebelumnya .","Leadtime","Leadtime &gt; Standard","Select Kendala",""
"137","2022-06-23","vn1 ","TC-RRE02-W/H0023","Wardah Refill Exclusive Two Way Cake 02 Light Beige 12 g","7425","7122","303","NI","(not set)","(not set)","(not set)","(not set)",""
"138","2022-06-23","ama1 ","LB-LMPB-EM/H0009","Emina Lip Mask 9 gr (Blister Version)","18624","10344","8280","NH,NI","Efek domino dari sebelumnya dan belum bisa menyesuaikan target di PCB","Leadtime","Leadtime &gt; Standard","Select Kendala",""
"139","2022-06-23","aar1 ","BO-CLBSPI-EM/H0004","Emina Cheek Lit Blush Stick Pink 7 g","624","","624","NI","(not set)","(not set)","(not set)","(not set)",""
"140","2022-06-23","JR6 ","FW-PCSRB-KA/H0071","Kahf Skin Energizing and Brightening Face Wash 100 ml","9360","9117","243","NI","BULK HABIS","Loss MPQ","Bulk habis","Hilang karena proses",""
"141","2022-06-23","qr1 ","REM-SBRMW-EM/H0006","Emina Skin Buddy Micellar Water 100 ml","9703","9212","491","NI","BULK HABIS","Loss MPQ","Bulk habis","Hilang karena proses",""
"142","2022-06-23","zu2 ","BO-CLBSPE-EM/H0010","Emina Cheek Lit Blush Stick Peach 7 g","624","","624","NH,NI","(not set)","(not set)","(not set)","(not set)",""
"143","2022-06-23","zz1 ","FW-CDEWN2-W/H0004","Wardah C-Defense Energizing Whip Foam 100 ml","9765","9345","420","NI","BULK HABIS","Loss MPQ","Bulk habis","Hilang karena proses",""
"144","2022-06-23","bi6 ","FW-PCSAC-KA/H0075","Kahf Oil and Acne Care Face Wash 100 ml","9508","9015","493","NI","BULK HABIS","Loss MPQ","Bulk habis","Hilang karena proses",""
"145","2022-06-23","vt1 ","L-REMO20-W/H0007","Wardah Exclusive Moist Lipstick 20 Pink Pearl 3.5 g","2280","2194","86","NI","Bulk habis","Loss MPQ","Bulk habis","Hilang karena proses",""
"146","2022-06-23","JR7 ","FW-PCSRB-KA/H0072","Kahf Skin Energizing and Brightening Face Wash 100 ml","9360","8396","964","NI","BULK HABIS","Loss MPQ","Bulk habis","Hilang karena proses",""
"147","2022-06-23","rt1 ","TC-R3LLF02-W/H0047","Wardah Lightening Powder Foundation Light Feel 02 Golden Beige 12 g","7272","3958","3314","NI","(not set)","(not set)","(not set)","(not set)",""
"148","2022-06-23","FJ1 ","TC-PC08-MO12G/H0010","MAKE OVER Perfect Cover TWC 08 Honey 12 g (Pc(s))","7992","7344","648","NI","(not set)","(not set)","(not set)","(not set)",""
"149","2022-06-23","aet1 ","MY-LSMULGA-EM/H0003","Malaysia Emina Squeeze Me Up Lip Glass 01. Surf n’ Slide 6.5 g","1968","1944","24","NI","Bulk habis","Loss MPQ","Bulk habis","Hilang karena proses",""
"150","2022-06-23","ca1 ","BBC-EN-W15ML/H0006","Wardah Everyday BB Cream Natural 15 ml (Pc(s))","57408","56784","624","NI","BULK HABIS","Loss MPQ","Bulk habis","Hilang karena proses",""
"151","2022-06-23","zv1 ","BO-CLBSNT-EM/H0002","Emina Cheek Lit Highlighter Stick Nudetwinkle 7 g","624","530","94","NI","Bulk habis","Loss MPQ","Bulk habis","Hilang karena proses",""
"152","2022-06-23","wu1 ","L-CVM02-W/H0007","Wardah Colorfit Velvet Matte Lip Mousse 02 Joyful Orange 4 g","10224","9883","341","NI","Bulk habis","Loss MPQ","Bulk habis","Hilang karena proses",""
"153","2022-06-23","AGT3 ","FW-RRYAG-W/H0030","Wardah Renew You Facial Wash 100 ml (Pc(s))","27630","26730","900","NI","BULK BERBUSA","Loss MPQ","Select Kendala","Kualitas bulk bermasalah",""
"154","2022-06-22","xi1 ","F-PTCMCW42-MO/H0007","MAKE OVER Powerstay Total Cover Matte Cream Foundation W42 Warm Sand 12 g","216","","216","NI","(not set)","(not set)","(not set)","(not set)",""
"155","2022-06-22","bz1 ","BBC-EL-W15ML/H0005","Wardah Everyday BB Cream Light 15 ml (pc(s))","41000","39600","1400","NI","BULK HABIS","Loss MPQ","Bulk habis","Hilang karena proses",""
"156","2022-06-22","bi4 ","FW-PCSAC-KA/H0073","Kahf Oil and Acne Care Face Wash 100 ml","9508","9000","508","NI","BULK HABIS","Loss MPQ","Bulk habis","Hilang karena proses",""
"157","2022-06-22","BI1 ","B-DMCP02-EM/H0017","Emina Daily Matte Compact Powder 02 Natural 11 g","4716","4697","19","NI","Di close karena bulk habis","Loss MPQ","Bulk habis","Hilang karena proses",""
"158","2022-06-22","alz1 ","L-EMC13-W4GR/H0012","Wardah Exclusive Matte Lip Cream 13 Fruit Punch 4 gr (Pc(s))","18432","","18432","NH,NI","(not set)","(not set)","(not set)","(not set)",""
"159","2022-06-22","WS1 ","L-CVM08-W/H0013","Wardah Colorfit Velvet Matte Lip Mousse 08 Brown Creator 4 g","10224","9979","245","NI","Bulk habis","Loss MPQ","Bulk habis","Hilang karena proses",""
"160","2022-06-22","vr18 ","B-BSLP-EM/H0165","Emina Bright Stuff Loose Powder 55 g","2018","936","1082","NI","Di close karena beda data stok FG","Internal – Material Supply","Packaging/FG Impor Supply","Beda Data Stock",""
"161","2022-06-22","IN2 ","HBW-BWN2C-BD/H0016","Biodef Natural Protection Mint + Green Tea Body Wash Antiseptik Alami Pouch 400 ml","6955","6924","31","NI","Bulk habis","Loss MPQ","Bulk habis","Hilang karena proses",""
"162","2022-06-22","qt1 ","REM-PBTUMW-W/H0035","Wardah Perfect Bright Tone Up Micellar Water 100 ml","9520","9464","56","NI","BULK HABIS","Loss MPQ","Bulk habis","Hilang karena proses",""
"163","2022-06-22","VO1 ","TC-RRE03-W/H0022","Wardah Refill Exclusive Two Way Cake 03 Sandy Beige 12 g","7425","7167","258","NI","Di close karena bulk  habis","Loss MPQ","Bulk habis","Hilang karena proses",""
"164","2022-06-22","ta1 ","PRM-VCPM-MO20ML/H0014","MAKE OVER Velvet Mattifying Primer 20 ml","3392","3300","92","NI","BULK HABIS ","Loss MPQ","Bulk habis","Hilang karena proses",""
"165","2022-06-22","AFN1 ","F-EVLLF04-W/H0004","Wardah Everyday Luminous Liquid Foundation – 04 Natural 35 ml","16706","15552","1154","NI","Bulk habis","Loss MPQ","Bulk habis","Hilang karena proses",""
"166","2022-06-22","JR2 ","FW-PCSRB-KA/H0067","Kahf Skin Energizing and Brightening Face Wash 100 ml","9360","8390","970","NI","BULK HABIS","Loss MPQ","Bulk habis","Hilang karena proses",""
"167","2022-06-22","abg1 ","L-CUMKORE-W/H0013","Wardah Colorfit Ultralight Matte Lipstick 13 Upbeat Hongdae 3.6 g","4752","4688","64","NI","Bulk habis","Loss MPQ","Bulk habis","Hilang karena proses",""
"168","2022-06-22","NE1 ","FW-CD-W100ML/H0043","Wardah C-Defense Energizing Creamy Wash 100 ml (Pc(s))","28680","28590","90","NI","Bulk Habis","Loss MPQ","Bulk habis","Hilang karena proses",""
"169","2022-06-22","XF1 ","BP-SPRE-W35ML/H0005","Wardah Scentsation Purity Eau De Toilette 35 ml (Pc(s))","7668","7524","144","NI","Bulk habis","Loss MPQ","Bulk habis","Hilang karena proses",""
"170","2022-06-22","hb1 ","CB-P1K-P720/H0001","Putri Natural Creambath Candlenut 720 ML (Pc(s))","396","276","120","NI","Bulk habis","Loss MPQ","Bulk habis","Hilang karena proses",""
"171","2022-06-22","vr15 ","B-BSLP-EM/H0162","Emina Bright Stuff Loose Powder 55 g","2196","2185","11","NI","Di close karena beda data stok FG","Loss MPQ","Miss Planning","Beda Data Stock",""
"172","2022-06-22","nn1  ","MY-RLCVM04-W/H0012","Malaysia Wardah Colorfit Velvet Matte Lip Mousse 04 Pink Sweetheart 4 g","3264","3072","192","NI","(not set)","(not set)","(not set)","(not set)",""
"173","2022-06-22","YM2 ","L-CHC06-MO/H0008","MAKE OVER Color Hypnose Creamy Lipmatte 06 Kiss 4.3 g","528","517","11","NI","Bulk habis","Loss MPQ","Bulk habis","Hilang karena proses",""
"174","2022-06-22","CI1 ","L-SLWCE-W/H0005","Wardah Colorfit Last All Day Lip Paint 08 Red Repeat 4.2 g","18000","14256","3744","NI","Efek domino dari jadwal sebelumnya","Machine","Select Kendala","Select Kendala",""
"175","2022-06-22","de2 ","FS-RLN2-W/H0025","Wardah Lightening Gentle Exfoliator 50 ml","18847","18600","247","NI","EFEK DOMINO JADWAL SEBELUMNYA DAN BULK HABIS","Quality","Bulk Pending / Rework / Reject","Kualitas Bulk Bermasalah",""
"176","2022-06-22","ADD1 ","FA-IPLGH02-W/H0001","Instaperfect Hi Glow Fluid Highlighter Rose Quartz","6612","5897","715","NI","Bulk telat release","Leadtime","Leadtime &gt; Standard","Delay Pengiriman",""
"177","2022-06-22","LB1 ","FW-BSN2-EM/H0029","Emina Bright Stuff Face Wash 100 ml","29848","29720","128","NI","BULK HABIS","Loss MPQ","Bulk habis","Hilang karena proses",""
"178","2022-06-22","lm1 ","HBL-AVG-EM/H0008","Emina Aloe Vera Gel 60 ml","3031","2988","43","NI","BULK HABIS","Loss MPQ","Bulk habis","Hilang karena proses",""
"179","2022-06-22","qa2 ","FW-AH-W60ML/H0011","Wardah Nature Daily Aloe Hydramild Facial Wash 60 ml","15485","5040","10445","NI","BULK HABIS","Loss MPQ","Bulk habis","Hilang karena proses",""
"180","2022-06-22","FP1 ","TC-RPC08-MO12G/H0009","MAKE OVER Perfect Cover Refill TWC 08 Honey 12 g (Pc(s))","1440","1394","46","NI","Di close karena bulk habis","Loss MPQ","Bulk habis","Hilang karena proses",""
"181","2022-06-22","lm1 ","L-EMC12-W4GR/H0010","Wardah Exclusive Matte Lip Cream 12 Plum It Up 4 gr (Pc(s))","10368","9614","754","NI","Efek domino dari jadwal sebelumnya","Leadtime","Leadtime &gt; Standard","Select Kendala",""
"182","2022-06-22","PY1 ","M-RWSDCN2-W/H0008","Wardah Crystal Secret Brightening Day Cream 30 g","31858","30554","1304","NI","Bulk habis","Loss MPQ","Bulk habis","Hilang karena proses",""
"183","2022-06-22","aiu1 ","MY-UVSAFE-W/H0010","Malaysia Wardah UV Shield Aqua Fresh Essence SPF 50 30 ml","30520","30464","56","NI","BULK HABIS","Loss MPQ","Bulk habis","Hilang karena proses",""
"184","2022-06-22","vr19 ","B-BSLP-EM/H0166","Emina Bright Stuff Loose Powder 55 g","2080","1078","1002","NI","Di close karena beda data stok FG","Internal – Material Supply","Packaging/FG Impor Supply","Beda Data Stock",""
"185","2022-06-22","AX1 ","L-MLCL-OMG/H0034","OMG OH MY GLAM Matte Kiss Lip Cream 12 Scarlet 3.5 g","53160","37440","15720","NH,NI","(not set)","(not set)","(not set)","(not set)",""
"186","2022-06-22","JR8 ","FW-PCSRB-KA/H0073","Kahf Skin Energizing and Brightening Face Wash 100 ml","9360","","9360","NI","bulk habis","Loss MPQ","Bulk habis","Hilang karena proses",""
"187","2022-06-22","wl1 ","F-RECF02-W/H0002","Wardah Exclusive Creamy Foundation 02 Sheer Pink 12 g","1440","1420","20","NI","Bulk habis","Loss MPQ","Bulk habis","Hilang karena proses",""
"188","2022-06-22","JR4 ","FW-PCSRB-KA/H0069","Kahf Skin Energizing and Brightening Face Wash 100 ml","9360","8995","365","NI","BULK HABIS","Loss MPQ","Bulk habis","Hilang karena proses",""
"189","2022-06-22","li1 ","L-EMC08-W4GR/H0015","Wardah Exclusive Matte Lip Cream 08 Pinkcredible 4 gr (Pc(S))","18432","8064","10368","NH,NI","Due sudah lewat , karena efek domino dari jadwal sebelumnya","Machine","Mesin Down","Select Kendala",""
"190","2022-06-22","xe1 ","F-PTCMCN10-MO/H0018","MAKE OVER Powerstay Total Cover Matte Cream Foundation N10 Marble 12 g","216","195","21","NI","Bulk habis","Loss MPQ","Bulk habis","Hilang karena proses",""
"191","2022-06-22","ry1 ","TC-R3LLF07-W/H0007","Wardah Lightening Powder Foundation Light Feel 07 Honey Beige 12 g","2916","2855","61","NI","Di close karena bulk habis","Loss MPQ","Bulk habis","Hilang karena proses",""
"192","2022-06-22","jc1 ","FT-BST-EM/H0017","Emina Bright Stuff Face Toner 100 ml","29550","27750","1800","NI","BULK HABIS","Loss MPQ","Bulk habis","Hilang karena proses",""
"193","2022-06-22","vr17 ","B-BSLP-EM/H0164","Emina Bright Stuff Loose Powder 55 g","1080","1074","6","NI","Di close karena beda data stok FG","Internal – Material Supply","Packaging/FG Impor Supply","Beda Data Stock",""
"194","2022-06-22","dj1 ","L-HSLWC-MO/H0005","Make Over Hydrastay Smooth Lip Whip C03 Poetic 6.5 g","360","288","72","NI","Efek domino dari jadwal sebelumnya","Leadtime","Leadtime &gt; Standard","Select Kendala",""
"195","2022-06-22","JR3 ","FW-PCSRB-KA/H0068","Kahf Skin Energizing and Brightening Face Wash 100 ml","9360","9026","334","NI","BULK HABIS","Loss MPQ","Bulk habis","Hilang karena proses",""
"196","2022-06-22","VN6 ","TC-RRE02-W/H0022","Wardah Refill Exclusive Two Way Cake 02 Light Beige 12 g","7425","7065","360","NI","Di close karena bulk habis","Loss MPQ","Bulk habis","Hilang karena proses",""
"197","2022-06-21","HA1 ","B-DMCP01-EM/H0013","Emina Daily Matte Compact Powder 01 Light 11 g","4968","4815","153","NI","Di close karena bulk habis","Loss MPQ","Bulk habis","Hilang karena proses",""
"198","2022-06-21","VN1 ","TC-RRE02-W/H0017","Wardah Refill Exclusive Two Way Cake 02 Light Beige 12 g","7425","7226","199","NI","Di close karena bulk habis","Loss MPQ","Bulk habis","Hilang karena proses",""
"199","2022-06-21","avu1 ","S-A1SEC-W/H0010","Wardah Anti Dandruff Shampoo 170 ml","16651","16320","331","NI","bulk habis","Loss MPQ","Bulk habis","Hilang karena proses",""
"200","2022-06-21","bi3 ","FW-PCSAC-KA/H0072","Kahf Oil and Acne Care Face Wash 100 ml","9508","8865","643","NI","Bulk Habis","Loss MPQ","Bulk habis","Hilang karena proses",""
"201","2022-06-21","UN1 ","EB-IPB3M01-W5.5G/H0004","Wardah Instaperfect BROWFESSIONAL 3D Brow Mascara 01. BROWN 5.5 g","2456","2424","32","NI","Bulk habis","Loss MPQ","Bulk habis","Hilang karena proses",""
"202","2022-06-21","VI3 ","TC-RE02-W/H0015","Wardah Exclusive Two Way Cake 02 Light Beige 12 g","4350","4330","20","NI","Di closekarena bulk habis","Loss MPQ","Bulk habis","Hilang karena proses",""
"203","2022-06-21","VN2 ","TC-RRE02-W/H0018","Wardah Refill Exclusive Two Way Cake 02 Light Beige 12 g","7425","7162","263","NI","Di close karena bulk habis","Loss MPQ","Bulk habis","Hilang karena proses",""
"204","2022-06-21","LR1 ","EB-DMCC-MO/H0002","MAKE OVER Powerstay Brow Definer Mascara 03 Coffee Cream 6.5 g","3600","3456","144","NI","Bulk Habis","Loss MPQ","Bulk habis","Hilang karena proses",""
"205","2022-06-21","iy1 ","FW-BSW-EM/H0016","Emina Bright Stuff Whip Face Wash 50 ml","18449","18100","349","NI","Bulk Habis","Loss MPQ","Bulk habis","Hilang karena proses",""
"206","2022-06-21","SB2 ","TC-RR3LLF03-W/H0027","Wardah Refill Lightening Powder Foundation Light Feel 03 Sheer Pink 12 g","27360","26703","657","NI","Di close karena bulk habis","Loss MPQ","Bulk habis","Hilang karena proses",""
"207","2022-06-21","xg1 ","F-PTCMCW33-MO/H0008","MAKE OVER Powerstay Total Cover Matte Cream Foundation W33 Honey Beige 12 g","216","205","11","NI","Bulk habis","Loss MPQ","Bulk habis","Hilang karena proses",""
"208","2022-06-21","VI2 ","TC-RE02-W/H0014","Wardah Exclusive Two Way Cake 02 Light Beige 12 g","4350","4211","139","NI","Di close karena bulk habis","Loss MPQ","Bulk habis","Hilang karena proses",""
"209","2022-06-21","KD1 ","PRM-PCCLC-MO/H0002","MAKE OVER POWERSTAY Color Correcting Primer Lilac 25 ml","6660","6600","60","NI","Bulk Habis","Loss MPQ","Bulk habis","Hilang karena proses",""
"210","2022-06-21","ky1 ","HBW-HWN2-BD/H0006","Biodef Natural Protection Mint + Green Tea Hand Wash Antiseptik Alami Botol 250 ml","3708","3576","132","NI","Bulk Habis","Loss MPQ","Bulk habis","Hilang karena proses",""
"211","2022-06-21","PU1 ","M-LDCN2-W/H0023","Wardah Lightening Day Cream Advanced Niacinamide 30 g","30957","30744","213","NI","Bulk Habis","Loss MPQ","Bulk habis","Hilang karena proses",""
"212","2022-06-21","UO1 ","EB-IPB3M02-W5.5G/H0004","Wardah Instaperfect BROWFESSIONAL 3D Brow Mascara 02. DEEP GREY 5.5 g","2456","","2456","NI","Efek domino dari jadwal sebelumnya karena jalan small batch","Leadtime","Leadtime &gt; Standard","Select Kendala",""
"213","2022-06-21","fu1 ","REM-RBSMWN1-EM/H0027","Emina Bright Stuff Micellar Water 100 ml","9703","9072","631","NI","Bulk Habis","Loss MPQ","Bulk habis","Hilang karena proses",""
"214","2022-06-21","WV6 ","FT-LFT-W/H0053","Wardah Lightening Face Toner 125 ml","23640","22224","1416","NI","Bulk Habis","Loss MPQ","Bulk habis","Hilang karena proses",""
"215","2022-06-21","WA1 ","L-REMO32-W/H0004","Wardah Exclusive Moist Lipstick 32 Sheer Brown 3.5 g","4704","4618","86","NI","Bulk habis","Loss MPQ","Bulk habis","Hilang karena proses",""
"216","2022-06-21","ABD1 ","MY-FTLFT-W/H0026","Malaysia Wardah Lightening Face Toner 125 ml","23640","23040","600","NI","Bulk Habis","Loss MPQ","Bulk habis","Hilang karena proses",""
"217","2022-06-21","(not set)","CUS-CLPGCRB-W/H0004","Wardah Refill Colorfit Perfect Glow Cushion 22N Light Ivory","7687","6912","775","NI","Bulk Habis","Loss MPQ","Bulk habis","Hilang karena proses",""
"218","2022-06-21","xg2 ","F-PTCMCW33-MO/H0009","MAKE OVER Powerstay Total Cover Matte Cream Foundation W33 Honey Beige 12 g","216","204","12","NI","Bulk habis","Loss MPQ","Bulk habis","Hilang karena proses",""
"219","2022-06-21","QX1 ","SS-SB45-EM/H0005","Emina Sun Battle SPF 45 PA+++ 30 ml","31222","31065","157","NI","Bulk Habis","Loss MPQ","Bulk habis","Hilang karena proses",""
"220","2022-06-21","AFM1 ","F-EVLLF03-W/H0005","Wardah Everyday Luminous Liquid Foundation – 03 Beige 35 ml","26136","24732","1404","NI","Bulk Habis","Loss MPQ","Bulk habis","Hilang karena proses",""
"221","2022-06-21","HZ1 ","MASK-EEPC-W7GR/H0007","Wardah EyeXpert Perfectcurl Mascara 7 gr (Pc(s))","27072","26664","408","NI","Bulk Habis","Loss MPQ","Bulk habis","Hilang karena proses",""
"222","2022-06-21","PH1 ","EB-EK-W3G/H0009","Wardah EyeXpert Eyebrow Kit 3 g (Pc(s))","3996","3264","732","NI","Bulk Habis","Loss MPQ","Bulk habis","Hilang karena proses",""
"223","2022-06-21","BT1 ","L-SLWCA-W/H0002","Wardah Colorfit Last All Day Lip Paint 12 Berry Lasting 4.2 g","18000","9360","8640","NH,NI","Efek domino dari jadwal sebelumnya","Machine","Mesin Down","Select Kendala",""
"224","2022-06-21","dm1 ","FM-MCC-W60ML/H0015","Wardah Nature Daily Mineral+ Clarifying Clay Mask 60 ml","13608","13212","396","NI","Bulk Habis","Loss MPQ","Bulk habis","Hilang karena proses",""
"225","2022-06-21","WX1 ","L-CVM05-W/H0012","Wardah Colorfit Velvet Matte Lip Mousse 05 Artisan Mauve 4 g","10224","10169","55","NI","Bulk habis","Loss MPQ","Bulk habis","Hilang karena proses",""
"226","2022-06-21","ZQ1 ","L-CVM010-W/H0007","Wardah Colorfit Velvet Matte Lip Mousse 10 Lively Coral 4 g","20448","19968","480","NH,NI","efek domino dari jadwal sebelumnya karena mesin segel tidak panas","Machine","Select Kendala","Electrical",""
"227","2022-06-21","VN2 ","L-REMO26-W/H0006","Wardah Exclusive Moist Lipstick 26 Mango 3.5 g","9672","9262","410","NI","Bulk habis","Loss MPQ","Bulk habis","Hilang karena proses",""
"228","2022-06-20","FE1 ","BP-IWEDT-KA/H0010","Kahf Invigorating Waterfall Eau de Toilette 35 ml","10634","8888","1746","NH,NI","(not set)","(not set)","(not set)","(not set)",""
"229","2022-06-20","ZS1 ","FM-CMB-EM/H0008","Emina Clay Mask Brightening 60 ml","5328","5292","36","NI","Bulk Habis","Loss MPQ","Bulk habis","Hilang karena proses",""
"230","2022-06-20","BE1 ","S-P1SEL2-P450/H0002","Putri SPA Energizing Shampoo (Lemon) 450 ML (Pc(s))","66","","66","NH,NI","(not set)","(not set)","(not set)","(not set)",""
"231","2022-06-20","XH2 ","F-PTCMCN30-MO/H0010","MAKE OVER Powerstay Total Cover Matte Cream Foundation N30 Natural Beige 12 g","216","175","41","NI","Bulk habis","Loss MPQ","Bulk habis","Hilang karena proses",""
"232","2022-06-20","BI1 ","FW-PCSAC-KA/H0064","Kahf Oil and Acne Care Face Wash 100 ml","9508","8996","512","NI","Bulk Habis","Loss MPQ","Bulk habis","Hilang karena proses",""
"233","2022-06-20","BI3 ","FW-PCSAC-KA/H0066","Kahf Oil and Acne Care Face Wash 100 ml","9508","8395","1113","NI","Bulk Habis","Loss MPQ","Bulk habis","Hilang karena proses",""
"234","2022-06-20","AS1 ","S-P1L-P2/H0004","Putri Pure Clean Shampoo Lemon 2 L (Pc(s))","135","129","6","NI","Bulk Habis","Loss MPQ","Bulk habis","Hilang karena proses",""
"235","2022-06-20","bi2 ","FW-PCSAC-KA/H0071","Kahf Oil and Acne Care Face Wash 100 ml","9508","8895","613","NI","BULK HABIS","Loss MPQ","Bulk habis","Hilang karena proses",""
"236","2022-06-20","AR1 ","L-MLCF-OMG/H0043","OMG OH MY GLAM Matte Kiss Lip Cream 06 Sparkle 3.5 g","26916","26568","348","NI","close MPQ. bulk habis","Loss MPQ","Select Kendala","Human Error Pengemasan",""
"237","2022-06-20","CQ2 ","FW-RWSABHA-W/H0040","Wardah Crystal Secret Foaming Cleanser with Natural AHA+PHA 100 ml","28830","27240","1590","NI","Bulk Habis","Loss MPQ","Bulk habis","Hilang karena proses",""
"238","2022-06-20","V2472  ","FM-MTTO-EM/H0002","Emina Masquerade Face Mask Tea Tree Oil 23 g","45000","42553","2447","NI","Bulk Habis","Loss MPQ","Bulk habis","Hilang karena proses",""
"239","2022-06-20","TY1 ","S-P1A2-P450/H0006","Putri Pure Clean Shampoo Apple 450 ML (Pc(s))","2179","2076","103","NI","Bulk habis","Loss MPQ","Bulk habis","Hilang karena proses",""
"240","2022-06-20","AT2 ","L-MLCH-OMG/H0022","OMG OH MY GLAM Matte Kiss Lip Cream 08 Skyfall 3.5 g","11976","7464","4512","NH,NI","Bulk kontaminasi","Man","Human Error","Human Error Pengemasan",""
"241","2022-06-20","NN1 ","FW-BSACNEN2-EM/H0032","Emina Bright Stuff for Acne Prone Skin Face Wash 50 ml","55800","55400","400","NI","Bulk Habis","Loss MPQ","Bulk habis","Hilang karena proses",""
"242","2022-06-20","we1 ","A-SATG-W15ML/H0012","Wardah Acnederm Acne Spot Treatment Gel 15 ml (Pc(s))","17680","16926","754","NI","Bulk Habis","Loss MPQ","Bulk habis","Hilang karena proses",""
"243","2022-06-20","AD1 ","S-P1L-P450/H0006","Putri Pure Clean Shampoo Lemon 450 ML (Pc(s))","1203","1188","15","NI","Bulk Habis","Loss MPQ","Bulk habis","Hilang karena proses",""
"244","2022-06-20","ZO1 ","FW-RHMF-W/H0013","Wardah Hydra Rose Gel to Foam cleanser 100 ml","28410","28170","240","NI","Bulk Habis","Loss MPQ","Bulk habis","Hilang karena proses",""
"245","2022-06-20","ABE1 ","MY-RAPRT-W/H0004","Malaysia Wardah Acnederm Pore Refining Toner 100 ml","7900","7540","360","NI","Bulk Habis","Loss MPQ","Bulk habis","Hilang karena proses",""
"246","2022-06-20","CQ3 ","FW-RWSABHA-W/H0041","Wardah Crystal Secret Foaming Cleanser with Natural AHA+PHA 100 ml","28830","27780","1050","NI","Bulk Habis","Loss MPQ","Bulk habis","Hilang karena proses",""
"247","2022-06-20","aed2 ","BO-DUB-MO/H0002","MAKE OVER Powerstay Suede Blush 20 Inferno Crush 6 g","4156","","4156","NH","(not set)","(not set)","(not set)","(not set)",""
"248","2022-06-20","BI2 ","FW-PCSAC-KA/H0065","Kahf Oil and Acne Care Face Wash 100 ml","9508","9295","213","NI","Bulk Habis","Loss MPQ","Bulk habis","Hilang karena proses",""
"249","2022-06-20","RU1 ","TC-R3LLF03-W/H0030","Wardah Lightening Powder Foundation Light Feel 03 Sheer Pink 12 g","7560","7448","112","NI","Di close karena bulk habis","Loss MPQ","Bulk habis","Hilang karena proses",""
"250","2022-06-20","WW1 ","BP-SJYBM-W100ML/H0012","Wardah Scentsation Joyful Body Mist 100 ml (Pc(s))","9275","9175","100","NI","Bulk Habis","Loss MPQ","Bulk habis","Hilang karena proses",""
"251","2022-06-20","CP1 ","SRM-RWSIBS-W/H0017","Wardah Crystal Secret Dark Spot &amp; Brightening Serum 20 ml","44092","43975","117","NI","Bulk Habis","Loss MPQ","Bulk habis","Hilang karena proses",""
"252","2022-06-20","XH1 ","F-PTCMCN30-MO/H0009","MAKE OVER Powerstay Total Cover Matte Cream Foundation N30 Natural Beige 12 g","216","203","13","NI","Bulk habis","Loss MPQ","Bulk habis","Hilang karena proses",""
"253","2022-06-20","CS1 ","F-LUC03-MO33ML/H0006","MAKE OVER Ultra Cover Liquid Matt Foundation 03 Nude Silk 33 ml (pc(s))","5780","3200","2580","NH,NI","- Cap beda data stok
- Bulk habis","Internal – Material Supply","Raw Material Supply","Beda Data Stock",""
"254","2022-06-20","WV5 ","FT-LFT-W/H0052","Wardah Lightening Face Toner 125 ml","23640","23064","576","NI","Bulk Habis","Loss MPQ","Bulk habis","Hilang karena proses",""
"255","2022-06-20","ph1 ","EB-EK-W3G/H0008","Wardah EyeXpert Eyebrow Kit 3 g (Pc(s))","3996","2496","1500","NI","due terlewat karena efek domino ari jadwal sebelumnya","Leadtime","Leadtime &gt; Standard","Select Kendala",""
"256","2022-06-20","CX1 ","F-LUC05-MO33ML/H0004","MAKE OVER Ultra Cover Liquid Matt Foundation 05 Velvet Nude 33 ml (pc(s))","7058","6620","438","NI","Bulk Habis","Loss MPQ","Bulk habis","Hilang karena proses",""
"257","2022-06-20","AMA2 ","LB-LMPB-EM/H0008","Emina Lip Mask 9 gr (Blister Version)","4104","3918","186","NI","Bulk habis","Loss MPQ","Bulk habis","Hilang karena proses",""
"258","2022-06-20","AFO1 ","MY-MLDGN1-W/H0013","Malaysia Wardah Lightening Day Gel 30 g","6070","6048","22","NI","Bulk habis","Loss MPQ","Bulk habis","Hilang karena proses",""
"259","2022-06-20","YN3 ","FA-EGH-W/H0004","Wardah Exclusive Glowing Highlighter 6.5 g","2016","1847","169","NI","Di close karena refill habis","Loss MPQ","Bulk habis","Hilang karena proses",""
"260","2022-06-20","UY1 ","LT-MPSG-EM5.5ML/H0004","Emina Magic Potion 02 Sunglow 5.5 ml","8205","7788","417","NI","Bulk habis","Loss MPQ","Bulk habis","Hilang karena proses",""
"261","2022-06-20","YN2 ","FA-EGH-W/H0003","Wardah Exclusive Glowing Highlighter 6.5 g","2016","1906","110","NI","Di close karena refill habis","Loss MPQ","Bulk habis","Hilang karena proses",""
"262","2022-06-18","RS2 ","TC-R3LLF01-W/H0029","Wardah Lightening Powder Foundation Light Feel 01 Light Beige 12 g","7488","6754","734","NI","Di close karena bulk habis","Loss MPQ","Bulk habis","Hilang karena proses",""
"263","2022-06-18","DW1 ","L-LL10-W2.3G/H0013","Wardah Lipstick Longlasting 10 Stylish Mocca 2.3 g (Pc(s))","1752","1663","89","NI","Bulk habis","Loss MPQ","Bulk habis","Hilang karena proses",""
"264","2022-06-18","VP1 ","TC-RRE04-W/H0020","Wardah Refill Exclusive Two Way Cake 04 Natural 12 g","7470","7053","417","NI","Di close karena bulk habis","Loss MPQ","Bulk habis","Hilang karena proses",""
"265","2022-06-18","FY2 ","LU-P1P3P-P720/H0055","Putri Platinum Pustreite Step 1 720 ML (Pc(s))","230","216","14","NI","Bulk Habis","Loss MPQ","Bulk habis","Hilang karena proses",""
"266","2022-06-18","TW2 ","FA-PFMS-MO50ML/H0027","MAKE OVER Powerstay Fix &amp; Matte Makeup Setting Spray 50 ml","1845","1818","27","NI","Bulk Habis","Loss MPQ","Bulk habis","Hilang karena proses",""
"267","2022-06-18","AVV4 ","S-USSEC-W/H0032","Wardah Hairfall Treatment Shampoo 170 ml","16332","16296","36","NI","Bulk Habis","Loss MPQ","Bulk habis","Hilang karena proses",""
"268","2022-06-18","BP1 ","B-PT01-MO35G/H0027","MAKE OVER Silky Smooth Translucent Powder 01 Porcelain 35 g (Pc(s))","2754","2689","65","NI","Di close karena bulk habis","Loss MPQ","Bulk habis","Hilang karena proses",""
"269","2022-06-18","WV4 ","FT-LFT-W/H0051","Wardah Lightening Face Toner 125 ml","23640","22416","1224","NI","Bulk Habis","Loss MPQ","Bulk habis","Hilang karena proses",""
"270","2022-06-18","RS1 ","TC-R3LLF01-W/H0028","Wardah Lightening Powder Foundation Light Feel 01 Light Beige 12 g","7488","7350","138","NI","Di close karena bulk habis","Loss MPQ","Bulk habis","Hilang karena proses",""
"271","2022-06-18","DM1 ","FM-MCC-W60ML/H0014","Wardah Nature Daily Mineral+ Clarifying Clay Mask 60 ml","13608","13320","288","NI","Bulk Habis","Loss MPQ","Bulk habis","Hilang karena proses",""
"272","2022-06-18","HN2 ","BO-HLT02-MO/H0003","MAKE OVER Hydrastay Liquid Tint Blush 02 Gala 15 ml","2430","","2430","NH,NI","(not set)","(not set)","(not set)","(not set)",""
"273","2022-06-18","AY1 ","HT-P1SRL-P450/H0003","Hair Tonic SPA Relaxing Lavender, 450 ml","228","204","24","NI","Bulk Habis","Loss MPQ","Bulk habis","Hilang karena proses",""
"274","2022-06-18","FY3 ","LU-P1P3P-P720/H0056","Putri Platinum Pustreite Step 1 720 ML (Pc(s))","230","228","2","NI","Bulk Habis","Loss MPQ","Bulk habis","Hilang karena proses",""
"275","2022-06-18","AAF1 ","B-IPQSP14-W/H0001","Instaperfect QUICKMATTE Loose Powder 33 Warm Olive 9 g","8160","8080","80","NH,NI","Bulk Habis","Loss MPQ","Bulk habis","Hilang karena proses",""
"276","2022-06-18","TW1 ","FA-PFMS-MO50ML/H0026","MAKE OVER Powerstay Fix &amp; Matte Makeup Setting Spray 50 ml","1845","1782","63","NI","Bulk Habis","Loss MPQ","Bulk habis","Hilang karena proses",""
"277","2022-06-18","JC1 ","FT-BST-EM/H0016","Emina Bright Stuff Face Toner 100 ml","29550","27600","1950","NI","Bulk Habis","Loss MPQ","Bulk habis","Hilang karena proses",""
"278","2022-06-18","UP1 ","M-RPBSPF-W20ML/H0021","Wardah Perfect Bright Moisturizer SPF 28 20 ml","45360","44856","504","NI","BULK HABIS","Loss MPQ","Bulk habis","Hilang karena proses",""
"279","2022-06-18","FY4 ","LU-P1P3P-P720/H0057","Putri Platinum Pustreite Step 1 720 ML (Pc(s))","230","228","2","NI","Bulk Habis","Loss MPQ","Bulk habis","Hilang karena proses",""
"280","2022-06-18","FY1 ","LU-P1P3P-P720/H0054","Putri Platinum Pustreite Step 1 720 ML (Pc(s))","230","228","2","NI","Bulk Habis","Loss MPQ","Bulk habis","Hilang karena proses",""
"281","2022-06-17","SA2 ","TC-RR3LLF02-W/H0034","Wardah Refill Lightening Powder Foundation Light Feel 02 Golden Beige 12 g","26208","26167","41","NI","Di close karena bulk habis","Loss MPQ","Bulk habis","Hilang karena proses",""
"282","2022-06-17","WV3 ","FT-LFT-W/H0050","Wardah Lightening Face Toner 125 ml","23640","22752","888","NI","Bulk Habis","Loss MPQ","Bulk habis","Hilang karena proses",""
"283","2022-06-17","acj1 ","F-CLCME-W/H0003","Wardah Colorfit Matte Foundation 33W Olive Beige 25 ml","7874","7626","248","NI","Bulk Habis","Loss MPQ","Bulk habis","Hilang karena proses",""
"284","2022-06-17","BK1 ","S-P1SRL-P450/H0005","Putri SPA Relaxing Shampoo (Lavender) 450 ML (Pc(s))","108","84","24","NI","Bulk Habis","Loss MPQ","Bulk habis","Hilang karena proses",""
"285","2022-06-17","VM3 ","TC-RRE01-W/H0009","Wardah Refill Exclusive Two Way Cake 01 Sheer Pink 12 g","7515","7322","193","NI","Di close karena bulk habis","Loss MPQ","Bulk habis","Hilang karena proses",""
"286","2022-06-17","tr2 ","LB-EVLNGT-W4G/H0013","Wardah Everyday Moisture Lip Nutrition Green Tea 4 g","4440","4231","209","NI","Bulk habis","Loss MPQ","Bulk habis","Hilang karena proses",""
"287","2022-06-17","AEF1 ","L-EMC05DP-W/H0001","Wardah Exclusive Matte Lip Cream 05 Speachless 4g","46080","10944","35136","NH,NI","due sudah lewat di BS karena efek domino dari jadwal sebelumnya","Leadtime","Leadtime &gt; Standard","Select Kendala",""
"288","2022-06-17","aec1 ","BO-DUA-MO/H0002","MAKE OVER Powerstay Suede Blush 10 Magnetic Rush 6 g","4156","576","3580","NH,NI","due sudah lewat , optimasi performance bulk","Leadtime","Leadtime &gt; Standard","Select Kendala",""
"289","2022-06-17","YN1 ","FA-EGH-W/H0002","Wardah Exclusive Glowing Highlighter 6.5 g","2016","1789","227","NI","Di close karena bulk habis","Loss MPQ","Bulk habis","Hilang karena proses",""
"290","2022-06-17","(not set)","TWC-CLFTG-W/BSH0001","Wardah Colorfit Velvet Powder Foundation 42N Neutral Sand 11 g","360","263","97","NI","Di close karena bulk habis","Loss MPQ","Bulk habis","Hilang karena proses",""
"291","2022-06-17","AAO1 ","L-HSLWI-MO/H0008","Make Over Hydrastay Smooth Lip Whip C09 Admire 6.5 g","360","336","24","NI","Bulk habis","Loss MPQ","Bulk habis","Hilang karena proses",""
"292","2022-06-17","AMA1 ","LB-LMPB-EM/H0007","Emina Lip Mask 9 gr (Blister Version)","4104","4060","44","NI","Bulk habis","Loss MPQ","Bulk habis","Hilang karena proses",""
"293","2022-06-17","SB1 ","TC-RR3LLF03-W/H0026","Wardah Refill Lightening Powder Foundation Light Feel 03 Sheer Pink 12 g","27360","27204","156","NI"," karena bulk habis","Loss MPQ","Bulk habis","Hilang karena proses",""
"294","2022-06-17","UZ1 ","LT-MPSM-EM5.5ML/H0004","Emina Magic Potion 03 Smitten 5.5 ml","8205","8064","141","NI","Bulk Habis","Loss MPQ","Bulk habis","Hilang karena proses",""
"295","2022-06-17","(not set)","TC-R3LLF04-W/BSH0004","Wardah Lightening Powder Foundation Light Feel 04 Natural 12 g","900","827","73","NI","Di close karena bulk habis","Loss MPQ","Bulk habis","Hilang karena proses",""
"296","2022-06-17","V2462  ","FM-MPO-EM/H0008","Emina Masquerade Face Mask Pomegranate 23 g","25000","11827","13173","NI","Bulk Habis","Loss MPQ","Bulk habis","Hilang karena proses",""
"297","2022-06-17","(not set)","TC-R3LLF04-W/BSH0003","Wardah Lightening Powder Foundation Light Feel 04 Natural 12 g","684","526","158","NI","Di close karena bulk habis","Loss MPQ","Bulk habis","Hilang karena proses",""
"298","2022-06-17","(not set)","TWC-CLFTD-W/BSH0008","Wardah Colorfit Velvet Powder Foundation 32N Neutral Beige 11 g","576","459","117","NI","Di close karena bulk habis","Loss MPQ","Bulk habis","Hilang karena proses",""
"299","2022-06-17","AEV1 ","SRM-RWSPTEN1-W/H0006","Wardah Crystal Secret Pure Treatment Essence 50 ml","16325","16275","50","NI","M-SM01-KA/H0029","Loss MPQ","Bulk habis","Hilang karena proses",""
"300","2022-06-17","VP1 ","L-REMO36-W/H0005","Wardah Exclusive Moist Lipstick 36 Sugary Pink 3.5 g","9672","9581","91","NI","Bulk habis","Loss MPQ","Bulk habis","Hilang karena proses",""
"301","2022-06-17","ACO1 ","M-SM01-KA/H0029","Kahf Triple Protection Sunscreen Moisturizer 30 ml","11754","11664","90","NI","M-SM01-KA/H0029","Loss MPQ","Bulk habis","Hilang karena proses",""
"302","2022-06-17","AN1 ","L-MLCB-OMG/H0044","OMG OH MY GLAM Matte Kiss Lip Cream 02 Juicy 3.5 g","26916","25824","1092","NI","Bulk Habis","Loss MPQ","Bulk habis","Hilang karena proses",""
"303","2022-06-17","(not set)","TWC-CLFTC-W/BSH0002","Wardah Colorfit Velvet Powder Foundation 23W Warm Ivory 11 g","612","455","157","NI","Di close karena bulk habis","Loss MPQ","Bulk habis","Hilang karena proses",""
"304","2022-06-17","VM2 ","TC-RRE01-W/H0008","Wardah Refill Exclusive Two Way Cake 01 Sheer Pink 12 g","7515","7254","261","NI","Di close karena bulk habis","Loss MPQ","Bulk habis","Hilang karena proses",""
"305","2022-06-17","VM1 ","TC-RRE01-W/H0007","Wardah Refill Exclusive Two Way Cake 01 Sheer Pink 12 g","7515","7323","192","NI","Di close karena bulk habis","Loss MPQ","Bulk habis","Hilang karena proses",""
"306","2022-06-17","AZ2 ","L-MLCN-OMG/H0014","OMG Oh My Glam Matte Kiss Lip Cream 14 Cappuccino 3.5 g","21324","","21324","NI","(not set)","(not set)","(not set)","(not set)",""
"307","2022-06-17","ADE1 ","F-EVLLF02-W/H0007","Wardah Everyday Luminous Liquid Foundation – 02 Light Beige 35 ml","24588","24516","72","NI","Bulk Habis","Loss MPQ","Bulk habis","Hilang karena proses",""
"308","2022-06-17","(not set)","TWC-CLFTC-W/BSH0003","Wardah Colorfit Velvet Powder Foundation 23W Warm Ivory 11 g","648","553","95","NI","Di close karena bulk habis","Loss MPQ","Bulk habis","Hilang karena proses",""
"309","2022-06-17","TJ1  ","MY-LGS05-EM/H0008","Malaysia Emina Glossy Stain 05 Spring Dazzle 3 g","672","288","384","NI","Bulk Habis","Loss MPQ","Bulk habis","Hilang karena proses",""
"310","2022-06-17","AS2 ","L-MLCG-OMG/H0043","OMG OH MY GLAM Matte Kiss Lip Cream 07 Delight 3.5 g","11976","","11976","NH,NI","(not set)","(not set)","(not set)","(not set)",""
"311","2022-06-17","(not set)","TWC-CLFTC-W/BSH0004","Wardah Colorfit Velvet Powder Foundation 23W Warm Ivory 11 g","828","795","33","NI","Di close karena bulk habis","Loss MPQ","Bulk habis","Hilang karena proses",""
"312","2022-06-17","RQ1 ","M-LNCN1-W/H0018","Wardah Lightening Night Cream Advanced Niacinamide 20 mL","46136","45936","200","NI","BUK HABIS","Loss MPQ","Bulk habis","Hilang karena proses",""
"313","2022-06-17","AAT1 ","L-HSLWK-MO/H0008","Make Over Hydrastay Smooth Lip Whip C11 Suave 6.5 g","360","359","1","NI","Packaging reject","Loss MPQ","Packaging habis","Reject &gt; standar",""
"314","2022-06-16","AJR1 ","SRM-RWSPTEN4-W/H0001","Wardah Crystal Secret Pure Treatment Essence 30 ml","30467","14320","16147","NI","(not set)","(not set)","(not set)","(not set)",""
"315","2022-06-16","aca1 ","FT-FTVC-OMG/H0021","OMG Oh My Glow Peach Glowing Toner 100 ml","11592","11580","12","NI","rejectsupplai","Quality","Finished Good Defect / Pending / Rework / Reject","Kualitas Packaging Bermasalah",""
"316","2022-06-16","AFY1 ","MY-RREMPBTUMW-W/H0005","Malaysia Wardah Perfect Bright Tone Up Micellar Water 100 ml","9574","9464","110","NI","Bulk Habis","Loss MPQ","Bulk habis","Hilang karena proses",""
"317","2022-06-16","WV2 ","FT-LFT-W/H0049","Wardah Lightening Face Toner 125 ml","23640","22560","1080","NI","Bulk Habis","Loss MPQ","Bulk habis","Hilang karena proses",""
"318","2022-06-16","JW1 ","BO-SKPS03-MO6G/H0027","MAKE OVER BO Single 03 Promiscious Peach 6g (Pc(s))","1080","905","175","NI","di close karena bulk habis","Loss MPQ","Bulk habis","Hilang karena proses",""
"319","2022-06-16","HK1 ","HBW-BWN2D-BD/H0008","Biodef Natural Protection Mint + Yuzu Body Wash Antiseptik Alami Pouch 400 ml","6989","6926","63","NI","Bulk Habis","Loss MPQ","Bulk habis","Hilang karena proses",""
"320","2022-06-16","ZB1 ","L-CHC11-MO/H0007","MAKE OVER Color Hypnose Creamy Lipmatte 11 Adore 4.3 g","528","489","39","NI","Bulk habis","Loss MPQ","Bulk habis","Hilang karena proses",""
"321","2022-06-16","di1 ","F-IPSF11-W/H0002","Instaperfect SKINFOCUS Cover Foundation 11 Fair Pink 30 ml","5974","5707","267","NI","Bulk Habis","Loss MPQ","Bulk habis","Hilang karena proses",""
"322","2022-06-16","ZG1 ","LT-MP05-EM/H0003","Emina Magic Potion 05 Summer 5.5 ml","8205","7968","237","NI","Bulk Habis","Loss MPQ","Bulk habis","Hilang karena proses",""
"323","2022-06-16","adv2 ","FW-FW01-KA/H0046","Kahf Gentle Exfoliating Face Scrub 100 ml","9120","9116","4","NI","Bulk Habis","Loss MPQ","Bulk habis","Hilang karena proses",""
"324","2022-06-16","ZZ1 ","FW-CDEWN2-W/H0003","Wardah C-Defense Energizing Whip Foam 100 ml","9765","9310","455","NI","(not set)","(not set)","(not set)","(not set)",""
"325","2022-06-16","KG1 ","PRM-PCCPC-MO/H0002","MAKE OVER POWERSTAY Color Correcting Primer Peach 25 ml","1500","1320","180","NI","Bulk Habis","Loss MPQ","Bulk habis","Hilang karena proses",""
"326","2022-06-16","AFD1 ","F-EVLLF01-W/H0007","Wardah Everyday Luminous Liquid Foundation – 01 Natural White 35 ml","24228","24156","72","NI","Bulk Habis","Loss MPQ","Bulk habis","Hilang karena proses",""
"327","2022-06-16","AU3 ","L-MLCI-OMG/H0046","OMG OH MY GLAM Matte Kiss Lip Cream 09 Charm 3.5 g","26916","26328","588","NI","Bulk Habis","Loss MPQ","Bulk habis","Hilang karena proses",""
"328","2022-06-16","CD1 ","BBC-EL-W30ML/H0002","Wardah Everyday BB Cream Light 30 ml (Pc(s))","9700","9072","628","NI","Bulk Habis","Loss MPQ","Bulk habis","Hilang karena proses",""
"329","2022-06-16","DL1 ","FM-PBPO-W60ML/H0004","Wardah Perfect Bright Peel Off Mask 60 ml","10008","9360","648","NI","Bulk Habis","Loss MPQ","Bulk habis","Hilang karena proses",""
"330","2022-06-16","ZU1 ","BO-CLBSPE-EM/H0007","Emina Cheek Lit Blush Stick Peach 7 g","624","456","168","NI","Bulk Habis","Loss MPQ","Bulk habis","Hilang karena proses",""
"331","2022-06-16","HC1 ","FT-SBFT-EM/H0006","Emina Skin Buddy Face Toner 100 ml","9655","9375","280","NI","Bulk Habis","Loss MPQ","Bulk habis","Hilang karena proses",""
"332","2022-06-16","adv1 ","FW-FW01-KA/H0045","Kahf Gentle Exfoliating Face Scrub 100 ml","9120","9114","6","NI","Bulk Habis","Loss MPQ","Bulk habis","Hilang karena proses",""
"333","2022-06-16","AIY1 ","MY-MRHOVN1-W/H0003","Malaysia Wardah Hydra Rose Moisture Rich Night Gel 40 g","5658","3456","2202","NI","Bulk Habis","Loss MPQ","Bulk habis","Hilang karena proses",""
"334","2022-06-16","GP1 ","L-EMC06-W4GR/H0011","Wardah Exclusive Matte Lip Cream 06 Feeling Red 4 gr (Pc(s))","18432","13968","4464","NI","Efek domino dari jadwal sebelumnya","Machine","Mesin Down","Select Kendala",""
"335","2022-06-16","AP2 ","L-MLCD-OMG/H0024","OMG OH MY GLAM Matte Kiss Lip Cream 04 Sunset 3.5 g","11976","11832","144","NI","Bulk Habis","Loss MPQ","Bulk habis","Hilang karena proses",""
"336","2022-06-16","FE1 ","TC-PC01-MO12G/H0009","MAKE OVER Perfect Cover TWC 01 Lace 12 g (Pc(s))","8064","7401","663","NI","diclose karena bulk habis","Loss MPQ","Bulk habis","Hilang karena proses",""
"337","2022-06-16","ZU2 ","BO-CLBSPE-EM/H0008","Emina Cheek Lit Blush Stick Peach 7 g","624","432","192","NI","Jadwal Pending, efek domino , Loss MPQ","Leadtime","Leadtime &gt; Standard","Efek Domino Pendingan",""
"338","2022-06-16","DE2 ","FS-RLN2-W/H0023","Wardah Lightening Gentle Exfoliator 50 ml","18847","18750","97","NI","Bulk Habis","Loss MPQ","Bulk habis","Hilang karena proses",""
"339","2022-06-16","hc1 ","FT-SBFT-EM/H0005","Emina Skin Buddy Face Toner 100 ml","9655","9075","580","NI","Bulk Habis","Loss MPQ","Bulk habis","Hilang karena proses",""
"340","2022-06-16","AM2 ","L-MLCA-OMG/H0023","OMG OH MY GLAM Matte Kiss Lip Cream 01 Dreamy 3.5 g","11976","11844","132","NI","Bulk Habis","Loss MPQ","Bulk habis","Hilang karena proses",""
"341","2022-06-16","aee1 ","L-EMC09DP-W/H0001","Wardah Exclusive Matte Lip Cream 09 Mauve On ! 4g","44785","25920","18865","NH,NI","efek domino dari jadwal sebelumnya , optimasi mesin hologram","Machine","Mesin Down","Select Kendala",""
"342","2022-06-16","AAR1 ","BO-CLBSPI-EM/H0003","Emina Cheek Lit Blush Stick Pink 7 g","624","554","70","NI","Bulk habis","Loss MPQ","Bulk habis","Hilang karena proses",""
"343","2022-06-16","NP1 ","M-RHOVN2-W/H0004","Wardah Hydra Rose Moisture Rich Night Gel 17 ml","7603","7380","223","NI","Bulk Habis","Loss MPQ","Bulk habis","Hilang karena proses",""
"344","2022-06-16","FG1 ","TC-RPC02-MO12G/H0011","MAKE OVER Perfect Cover Refill TWC 02 Coral 12 g (Pc(s))","1440","1347","93","NI","di close karena bulk habis","Loss MPQ","Bulk habis","Hilang karena proses",""
"345","2022-06-16","CL1 ","D-W1R1HER-W60ML/H0013","Wardah Roll On For Her 60 ml","16020","15870","150","NI","Bulk Habis","Loss MPQ","Bulk habis","Hilang karena proses",""
"346","2022-06-16","ALS1 ","L-EMC18-W4GR/H0005","Wardah Exclusive Matte Lip Cream 18 Saturdate Night 4 gr (Pc(s))","10368","10152","216","NI","Bulk habis","Loss MPQ","Bulk habis","Hilang karena proses",""
"347","2022-06-15","BQ2 ","L-MLCM-OMG/H0016","OMG Oh My Glam Matte Kiss Lip Cream 13 Latte 3.5 g","11976","11436","540","NI","Bulk Habis","Loss MPQ","Bulk habis","Hilang karena proses",""
"348","2022-06-15","IJ1 ","M-BSACNE-EM/H0013","Emina Bright Stuff for Acne Prone Skin Moisturizing Cream 20 ml","44964","43164","1800","NI","Bulk Habis","Loss MPQ","Bulk habis","Hilang karena proses",""
"349","2022-06-15","SZ2 ","FM-CMSS-EM/H0006","Emina Clay Mask Soothe &amp; Smooth 60 ml","2315","2016","299","NI","Bulk Habis","Loss MPQ","Bulk habis","Hilang karena proses",""
"350","2022-06-15","sb3 ","A-PRT-W100ML/H0026","Wardah Acnederm Pore Refining Toner 100 ml (Pc(s))","9555","9440","115","NI","Bulk Habis","Loss MPQ","Bulk habis","Hilang karena proses",""
"351","2022-06-15","DE1 ","FS-RLN2-W/H0022","Wardah Lightening Gentle Exfoliator 50 ml","18847","18750","97","NI","Bulk Habis","Loss MPQ","Bulk habis","Hilang karena proses",""
"352","2022-06-15","XL1 ","F-PTCMCC62-MO/H0007","MAKE OVER Powerstay Total Cover Matte Cream Foundation C62 Rich Cocoa 12 g","216","193","23","NI","Bulk habis","Loss MPQ","Bulk habis","Hilang karena proses",""
"353","2022-06-15","ABM1 ","BBC-HSBBL-EM/H0003","Emina Daily Matte BB Cream 01 Light 16 g","20940","20880","60","NI","Bulk Habis","Loss MPQ","Bulk habis","Hilang karena proses",""
"354","2022-06-15","DT1 ","FW-SBRDBR-EM/H0010","Emina Skin Buddy Dot Burst Face Wash 60 ml","9144","9000","144","NI","Bulk Habis","Loss MPQ","Bulk habis","Hilang karena proses",""
"355","2022-06-15","XI1 ","F-PTCMCW42-MO/H0006","MAKE OVER Powerstay Total Cover Matte Cream Foundation W42 Warm Sand 12 g","216","177","39","NI","Bulk habis","Loss MPQ","Bulk habis","Hilang karena proses",""
"356","2022-06-15","XH4 ","F-PTCMCN30-MO/H0012","MAKE OVER Powerstay Total Cover Matte Cream Foundation N30 Natural Beige 12 g","216","206","10","NI","Bulk habis","Loss MPQ","Bulk habis","Hilang karena proses",""
"357","2022-06-15","MM1 ","SS-UVSDSPB-W/H0084","Wardah UV Shield Essential Sunscreen Gel SPF 30 (New Blister)","67254","67200","54","NI","Bulk Habis","Loss MPQ","Bulk habis","Hilang karena proses",""
"358","2022-06-15","fi1 ","TC-RPC01-MO12G/H0007","MAKE OVER Perfect Cover Refill TWC 01 Lace 12 g (Pc(s))","8064","7352","712","NI","Bulk dari olah sudah kurang jika di bagi dengan range netto tertinggi","Loss MPQ","Bulk habis","Hilang karena proses",""
"359","2022-06-15","fc2 ","TC-PC02-MO12G/H0015","MAKE OVER Perfect Cover TWC 02 Coral 12 g (Pc(s))","4752","4135","617","NI","Bulk dari olah sudah kurang jika dibagi dengan range netto tertinggi","Loss MPQ","Bulk habis","Hilang karena proses",""
"360","2022-06-15","YV1 ","L-CHC07-MO/H0012","MAKE OVER Color Hypnose Creamy Lipmatte 07 Temptation 4.3 g","528","489","39","NI","Bulk habis","Loss MPQ","Bulk habis","Hilang karena proses",""
"361","2022-06-15","ee1 ","TC-R3LEC04-W/H0009","Wardah Lightening Powder Foundation Extra Cover 04 Natural 10 g","2880","1728","1152","NI","efek domino bulk telat release","Leadtime","Leadtime &gt; Standard","Efek Domino Pendingan",""
"362","2022-06-15","ls1 ","L-CM02-EM5.5GR/H0007","Emina Creamatte 02 Fuzzy Wuzzy 5.5 gr (Pc(s))","7488","7456","32","NI","Bulk habis","Loss MPQ","Bulk habis","Hilang karena proses",""
"363","2022-06-15","YQ1 ","L-CHC01-MO/H0012","MAKE OVER Color Hypnose Creamy Lipmatte 01 Charm 4.3 g","528","444","84","NI","Bulk habis","Loss MPQ","Bulk habis","Hilang karena proses",""
"364","2022-06-15","NK2 ","B-PT06-MO35G/H0025","MAKE OVER Silky Smooth Translucent Powder 06 Buttermilk 35 g","1598","","1598","NI","Efek domino bulk telat release dan supply packaging telat","Internal – Material Supply","Raw Material Supply","Terlambat Supply",""
"365","2022-06-15","WV1 ","FT-LFT-W/H0048","Wardah Lightening Face Toner 125 ml","23640","22176","1464","NI","Bulk Habis","Loss MPQ","Bulk habis","Hilang karena proses",""
"366","2022-06-15","RC1 ","REM-SBMW-W240ML/H0031","Wardah Nature Daily Seaweed Cleansing Micellar Water 240 ml","4010","3906","104","NI","Bulk Habis","Loss MPQ","Bulk habis","Hilang karena proses",""
